Sensor 1,Sensor 2,Sensor 3,Sensor 4,Sensor 5,Sensor 6,Sensor 7,Sensor 8,Sensor 9,Sensor 10,Sensor 11,Sensor 12
149,149,148,146,151,117,177,182,182,116,182,143
171,174,173,165,171,172,166,174,174,162,121,115
101,100,98,94,94,100,97,100,100,99,109,86
91,87,89,88,86,89,82,85,87,88,90,83
105,98,102,96,100,100,99,101,103,99,116,112
141,144,139,132,138,143,134,139,142,133,160,151
181,188,179,180,181,183,178,183,187,173,206,200
222,234,221,220,228,228,224,225,229,212,243,237
239,251,240,237,243,247,241,245,241,230,253,241
231,240,228,228,231,233,227,232,232,218,223,215
189,201,188,189,195,193,188,190,191,180,208,198
164,167,163,157,160,163,158,162,163,156,162,128
123,119,121,113,115,121,103,106,108,117,97,89
93,85,93,87,89,87,84,86,90,87,91,85
97,93,96,90,90,97,93,96,98,91,105,100
131,126,129,124,127,129,124,127,131,123,117,141
160,171,159,156,162,166,162,168,172,160,195,187
217,222,209,209,213,218,211,211,215,202,239,228
244,250,242,237,243,245,238,242,243,230,252,245
235,247,233,235,238,243,233,239,236,224,238,228
205,211,202,204,202,208,197,202,208,193,186,181
166,166,161,158,159,165,157,161,164,155,143,140
134,128,129,126,127,129,111,116,131,127,129,99
97,94,96,88,91,97,92,86,91,94,96,89
91,90,89,85,83,89,84,88,92,86,97,95
117,114,116,112,118,115,115,117,119,111,105,129
150,148,146,146,147,146,151,152,158,143,149,174
188,194,188,187,196,193,193,197,197,182,224,217
235,249,237,231,239,243,236,236,235,225,249,245
237,247,239,236,243,246,238,241,241,224,241,235
216,224,212,210,219,218,212,217,217,206,230,219
185,189,183,181,189,189,177,183,189,177,157,152
133,128,129,125,131,132,126,131,130,126,143,111
106,102,106,99,103,105,89,93,97,92,90,86
89,85,88,84,81,89,86,88,92,86,93,90
99,98,100,92,95,98,98,101,102,96,121,93
134,137,133,131,137,137,132,135,137,132,164,159
187,193,190,188,195,191,187,187,189,180,210,205
232,234,227,229,230,231,227,229,230,218,246,236
241,248,238,237,240,246,240,242,240,230,248,240
231,234,225,224,230,230,225,228,227,217,213,210
183,191,182,182,185,184,179,185,186,177,168,162
156,157,155,153,154,156,135,138,141,150,127,122
106,102,103,96,101,103,99,104,107,101,92,89
93,89,90,84,84,91,83,85,88,85,89,84
101,96,98,92,97,96,95,97,99,95,111,106
135,136,131,129,134,136,131,135,135,128,155,147
165,173,165,162,167,168,169,172,175,158,202,196
221,227,217,218,224,223,216,220,220,207,244,233
243,253,242,240,243,250,239,245,245,231,250,243
235,240,235,231,234,234,230,234,231,222,231,221
197,207,196,194,198,199,195,198,198,190,180,174
156,160,153,147,149,159,148,155,154,148,166,131
114,112,115,108,109,116,112,116,115,112,114,119
96,93,94,89,89,94,94,95,99,92,94,88
91,88,88,87,86,89,89,90,96,88,87,98
129,122,124,119,125,125,118,123,127,119,122,136
155,158,157,154,151,156,157,161,161,149,186,178
206,216,207,203,208,209,205,207,211,196,233,220
239,246,242,233,241,243,237,240,240,228,251,243
238,249,234,234,244,246,237,240,239,226,241,229
209,213,207,203,207,209,204,209,210,200,190,188
170,172,167,165,165,171,165,165,169,159,177,145
135,125,136,133,133,124,119,123,125,119,108,104
95,91,93,88,90,92,90,93,97,90,89,84
90,87,87,87,86,89,84,86,88,86,96,91
114,110,112,104,107,113,108,110,115,107,130,125
143,154,143,138,141,149,146,149,151,145,173,170
194,205,194,195,199,197,191,193,197,186,184,211
236,242,234,231,237,240,231,235,237,227,253,245
242,250,240,238,245,245,232,231,234,231,245,238
221,228,220,217,224,223,217,221,222,210,234,201
191,194,189,188,191,191,170,174,175,181,164,157
137,138,133,130,132,137,132,136,139,133,119,115
102,97,98,92,91,99,98,100,101,97,91,88
90,87,86,86,80,89,86,88,90,87,89,87
98,95,97,92,91,99,94,99,102,94,117,113
143,143,141,136,142,141,139,142,144,138,131,155
186,191,184,184,186,186,178,184,184,176,207,201
213,220,212,211,222,219,215,219,220,203,246,240
240,252,241,237,241,246,239,241,244,230,249,242
232,236,230,228,233,235,227,230,230,220,224,230
204,211,200,196,205,206,200,207,209,195,206,168
150,150,149,145,148,149,143,150,150,141,132,129
109,105,107,101,102,107,106,107,110,105,96,89
92,90,90,85,87,92,82,85,95,90,89,82
92,90,91,88,87,89,90,93,95,90,108,102
131,128,132,123,130,129,123,127,132,125,151,142
172,174,169,167,172,169,164,172,174,164,194,156
201,217,199,198,204,210,196,205,207,195,242,232
241,251,243,239,242,246,242,242,246,232,244,246
237,251,235,233,238,241,238,240,236,224,233,226
205,214,202,199,204,207,203,204,207,192,218,179
172,177,172,171,174,174,153,157,157,165,143,138
131,127,129,125,127,125,111,116,118,128,131,101
98,95,97,92,89,96,85,88,90,93,96,83
91,85,88,85,86,88,84,88,91,86,87,96
109,108,108,104,107,110,110,113,116,104,107,131
152,149,147,145,146,147,151,155,156,141,182,142
188,196,192,190,195,192,187,190,191,180,229,219
239,249,239,232,235,240,235,235,239,225,254,246
242,250,241,235,238,247,237,242,243,228,241,237
215,222,214,210,219,219,209,217,214,205,197,193
174,170,172,170,169,168,163,170,173,164,186,151
130,133,129,125,124,132,126,131,132,127,114,136
103,102,100,97,98,105,102,105,108,101,90,83
89,87,88,86,84,88,84,88,90,86,88,83
101,98,101,94,95,99,98,99,103,97,98,94
139,137,137,134,136,136,133,136,139,135,166,161
187,197,187,186,192,193,187,190,191,180,213,208
229,236,228,226,228,232,228,230,229,218,249,241
239,254,241,238,242,248,243,245,240,230,250,242
228,232,224,225,226,231,222,227,228,214,213,206
180,190,182,179,185,185,180,181,182,174,194,163
144,141,139,138,144,142,136,140,145,137,142,122
103,99,103,95,97,103,101,103,105,102,94,88
90,86,90,86,86,88,84,88,94,85,89,84
100,97,99,92,95,99,96,101,104,97,112,107
137,136,135,132,136,136,132,136,138,132,127,151
179,185,176,176,181,184,176,180,182,171,202,199
222,231,218,218,226,224,217,221,222,210,213,238
242,250,241,241,248,250,241,247,243,234,250,240
234,243,231,232,233,240,230,236,234,221,227,221
193,199,192,192,198,199,192,194,197,187,210,172
165,169,168,163,165,170,145,150,151,144,137,132
113,110,114,107,105,112,111,113,115,112,99,94
90,86,88,88,84,89,84,89,93,86,87,82
89,89,87,87,84,89,86,90,92,87,101,98
128,122,126,118,126,122,124,124,126,122,112,138
156,166,155,156,160,163,157,165,166,157,152,182
201,212,198,196,202,206,200,205,207,198,236,231
242,251,237,233,240,242,237,240,240,228,250,247
236,251,237,233,242,242,236,239,236,229,247,228
209,220,208,204,207,214,205,209,211,198,191,185
166,169,165,162,164,165,159,164,165,156,178,144
126,123,125,120,121,125,119,124,124,119,108,104
94,90,92,86,89,92,90,92,97,92,97,82
89,86,87,85,85,87,84,86,89,87,96,93
114,112,112,107,113,111,109,110,118,109,132,126
156,158,153,152,156,156,148,156,159,148,171,173
196,205,195,195,197,202,191,196,201,187,221,213
234,243,236,234,237,240,229,240,236,225,232,244
245,238,243,238,244,242,232,236,237,225,250,235
221,225,217,215,222,225,218,219,222,211,208,198
188,194,191,189,192,187,170,172,174,166,190,154
149,151,146,145,146,147,128,131,133,141,146,113
110,101,107,102,102,106,93,94,101,104,91,85
90,87,89,86,85,87,82,86,88,86,91,85
98,94,97,89,91,97,98,100,103,96,118,114
142,146,140,138,144,141,136,143,146,136,160,157
183,190,184,183,187,186,181,181,190,175,209,200
218,223,214,214,219,221,217,221,222,205,248,240
242,253,244,237,242,248,239,243,238,229,248,244
229,241,228,227,226,244,230,230,231,216,219,211
189,193,186,186,192,193,183,188,188,182,174,167
148,148,145,144,144,148,142,149,146,141,130,125
120,112,118,112,108,115,100,104,105,115,97,90
90,85,88,85,87,88,85,90,91,88,89,83
98,95,97,89,94,97,91,96,99,93,109,103
133,130,133,125,130,129,126,130,134,126,150,145
164,167,160,158,163,166,167,167,163,162,197,189
217,223,214,210,215,219,212,216,216,204,242,229
243,250,244,236,242,249,240,242,243,232,251,241
236,244,235,233,238,239,233,238,237,224,235,222
205,210,202,197,203,202,196,203,204,190,184,178
157,160,155,153,158,162,151,160,161,152,170,137
132,127,127,125,125,131,112,115,116,112,104,97
97,90,96,89,89,97,85,88,90,86,88,84
92,89,91,88,86,92,90,91,94,88,101,94
121,118,119,112,116,119,115,119,123,116,139,132
150,150,149,147,149,150,153,154,151,144,183,174
203,212,202,202,208,208,198,203,206,194,228,221
240,250,238,236,241,242,236,241,241,228,252,243
240,249,241,238,241,243,238,247,239,228,242,235
215,221,212,209,215,217,211,214,216,204,228,191
170,178,171,168,172,173,164,173,173,165,154,150
144,142,141,138,140,126,123,127,127,123,139,134
105,100,104,98,100,104,96,103,105,101,91,83
88,87,87,86,81,88,84,89,94,84,94,89
109,108,107,103,110,110,104,109,109,106,102,96
137,138,137,133,137,138,134,138,139,133,166,163
191,200,188,191,195,197,186,191,195,182,181,207
234,239,232,230,234,234,229,235,232,221,250,241
242,251,241,235,241,245,239,243,247,230,249,235
227,233,221,221,227,228,221,223,224,214,212,206
196,200,195,191,199,198,175,178,178,188,168,162
140,141,138,135,136,142,136,140,142,134,125,119
104,99,103,95,98,101,99,103,105,100,94,86
89,87,87,85,83,88,86,87,92,84,90,85
94,94,93,89,90,95,94,97,98,95,114,107
140,137,136,134,137,136,134,137,138,133,157,150
168,172,167,166,170,169,162,174,175,159,200,197
223,232,219,219,226,228,221,220,224,210,244,236
242,251,240,237,241,245,238,235,234,230,251,245
241,229,239,239,240,227,226,230,227,218,226,217
194,202,194,193,197,198,191,191,194,186,179,202
166,174,166,164,163,170,160,165,170,160,165,130
126,106,122,118,120,110,106,110,112,108,124,93
95,89,93,89,87,93,92,85,88,89,93,82
93,87,92,88,88,89,90,91,93,89,107,98
127,125,128,120,127,129,120,125,128,123,146,140
170,172,165,167,169,168,163,166,171,159,189,184
209,219,206,205,211,211,207,212,214,199,201,227
239,243,230,232,238,238,230,231,233,224,243,243
237,246,240,234,242,240,239,244,242,227,240,229
209,218,206,202,209,214,202,207,211,199,191,184
165,168,164,162,163,167,160,165,162,156,147,142
125,123,124,115,121,123,118,122,126,120,107,101
101,97,98,93,98,99,87,87,100,96,88,84
91,88,90,86,84,87,86,91,95,87,96,92
115,112,113,108,111,112,109,111,118,111,131,126
144,158,143,140,146,154,148,155,154,148,175,169
187,195,184,183,183,187,190,192,192,179,223,215
237,247,238,230,237,237,233,236,237,225,252,242
241,251,241,236,241,248,238,246,246,229,245,235
223,225,216,217,220,221,216,218,222,208,238,199
176,183,173,174,177,177,171,177,179,172,159,154
136,132,132,127,133,135,129,135,134,131,119,113
99,95,98,91,93,97,94,99,103,95,91,86
91,85,87,85,81,87,82,85,91,86,92,86
100,95,97,90,92,99,100,102,106,97,121,114
146,145,143,139,144,144,141,141,143,139,166,159
176,187,175,173,175,178,179,182,182,175,213,203
231,239,226,223,233,228,228,224,229,216,219,240
243,254,241,240,245,249,233,238,237,227,249,242
232,234,227,227,231,232,225,230,227,217,221,212
185,195,185,184,187,188,184,186,190,177,201,195
156,162,159,151,154,159,155,158,161,151,130,124
118,117,118,108,114,118,101,103,105,100,95,89
90,88,86,87,87,89,85,87,91,86,90,82
93,92,92,87,91,92,90,93,97,88,111,103
121,121,122,113,119,122,123,130,131,116,153,144
173,179,172,173,175,177,169,175,177,165,195,191
205,217,204,203,206,210,207,210,211,197,242,235
241,251,243,239,247,249,242,244,247,230,252,238
235,244,232,232,240,241,233,236,234,223,234,224
200,208,198,197,203,203,196,199,201,191,185,208
170,176,173,167,172,176,166,171,174,166,170,136
119,115,118,111,116,117,115,117,120,113,102,98
93,90,90,85,88,90,86,89,93,87,93,89
91,87,90,87,86,91,85,88,92,88,100,94
120,119,118,114,118,120,115,120,124,116,137,134
163,165,159,158,163,166,155,159,164,154,182,177
202,211,204,199,207,207,203,205,208,194,230,222
240,248,235,234,239,246,234,238,237,226,254,243
237,253,238,238,243,245,238,240,241,228,248,236
226,234,222,220,226,230,204,207,226,218,195,189
168,173,167,167,167,172,166,166,168,162,181,146
139,143,139,137,140,140,135,122,125,135,111,107
96,95,93,89,92,97,90,94,95,93,88,83
88,85,89,86,85,87,86,88,97,87,94,89
111,110,109,104,109,115,105,111,110,107,104,121
142,139,138,135,138,143,144,148,150,141,138,165
181,187,179,180,184,182,184,188,191,174,217,210
224,233,220,223,226,229,223,224,226,212,247,245
241,252,242,239,242,247,239,246,243,230,252,236
235,226,235,232,232,223,218,218,222,212,239,203
194,203,191,191,196,198,171,176,177,187,195,162
142,144,137,134,136,142,135,140,142,134,125,116
104,98,101,95,97,102,99,101,102,99,93,86
89,84,88,86,84,87,85,88,91,85,89,86
96,95,95,90,93,95,95,96,101,92,116,108
138,138,134,132,137,136,131,140,140,135,158,151
178,190,179,182,182,185,176,182,182,172,207,197
226,232,221,219,226,225,223,221,223,213,245,239
243,252,241,238,242,251,241,247,243,233,251,243
232,241,235,224,230,235,228,234,232,222,242,220
209,217,206,203,208,212,183,190,191,197,177,173
153,156,152,146,151,153,146,151,154,145,136,128
113,108,109,103,109,107,107,111,111,106,121,114
95,92,92,86,88,91,89,95,96,92,88,83
96,94,96,89,88,95,92,93,100,92,106,100
131,122,128,121,130,129,124,128,133,123,117,143
155,161,156,152,159,157,161,162,166,157,193,184
211,219,207,205,211,218,209,214,214,201,234,231
241,251,243,237,240,243,239,239,241,227,242,243
239,248,235,237,240,243,236,238,239,226,237,225
207,213,204,201,207,208,201,207,210,199,190,184
167,165,162,161,161,164,158,164,164,158,146,142
122,119,124,116,119,122,119,121,126,118,105,101
92,93,92,87,87,91,89,92,94,90,97,83
93,87,91,87,85,90,88,90,93,89,88,82
108,103,106,100,103,108,103,106,107,103,134,129
145,145,146,141,148,144,143,152,153,139,178,141
188,193,187,184,192,189,183,187,189,178,220,215
237,248,233,234,235,241,233,233,236,226,250,247
242,250,242,237,247,243,238,244,238,228,244,237
220,226,213,214,218,220,216,217,220,207,234,196
173,178,177,171,174,176,169,178,175,165,159,153
134,133,130,128,132,133,128,133,133,129,145,111
100,92,97,90,94,93,93,98,101,96,91,85
88,86,87,87,84,90,84,88,89,87,88,85
100,101,98,92,92,102,101,103,107,99,124,116
145,147,150,141,144,146,141,144,148,141,134,157
187,196,184,186,190,192,182,189,190,180,212,205
229,241,225,226,230,232,222,229,230,219,224,243
244,244,243,240,244,240,233,238,242,228,248,243
228,236,226,228,233,232,223,227,229,214,218,211
188,192,185,185,189,186,181,184,187,177,170,164
146,146,143,141,143,146,139,144,145,139,159,124
108,103,106,99,105,107,102,107,107,102,94,89
89,87,86,86,86,90,87,89,91,87,88,82
93,92,93,89,87,92,89,92,96,90,112,105
136,131,133,128,130,133,131,133,139,130,121,147
163,166,162,160,162,168,168,167,169,158,195,193
216,228,215,213,223,226,217,218,221,205,243,236
241,252,243,240,245,247,242,245,244,228,251,238
231,243,235,228,236,238,233,235,236,224,231,223
197,208,196,194,198,199,196,198,199,189,214,204
171,178,169,166,174,168,167,170,175,164,139,135
115,116,114,120,111,114,111,114,118,114,102,95
96,93,94,88,89,86,86,87,93,87,92,86
89,86,88,86,84,89,86,88,95,87,102,98
112,107,110,105,116,109,110,116,118,108,140,135
164,166,160,160,163,167,158,163,167,156,184,179
207,215,203,201,207,211,203,206,207,195,195,223
242,245,242,240,240,246,237,242,241,228,254,243
239,244,238,233,242,239,234,240,237,223,240,232
215,219,211,208,215,217,208,211,215,201,195,191
179,184,180,173,184,182,174,164,163,171,153,148
141,141,137,135,137,139,120,124,126,120,111,107
95,92,91,86,90,92,92,92,95,92,90,86
90,85,89,88,86,88,87,89,92,86,95,90
112,110,109,104,105,110,107,110,115,107,128,124
154,153,150,150,153,152,146,151,156,147,171,165
193,200,191,192,199,199,189,194,196,183,219,214
233,245,232,232,235,235,229,233,233,221,233,244
244,252,243,238,245,249,233,236,235,223,250,240
226,230,222,218,225,225,219,223,223,208,208,202
184,183,180,177,181,182,173,180,178,171,192,160
141,138,138,135,139,139,136,140,139,133,120,117
113,110,112,103,102,107,94,97,99,108,93,87
90,87,87,85,86,88,82,86,90,84,90,85
97,95,96,91,86,98,96,98,101,92,95,111
140,142,138,135,140,143,133,140,140,133,136,154
171,183,171,170,170,178,177,178,181,172,206,198
226,230,221,219,228,230,219,223,227,213,246,241
242,252,246,240,242,253,233,236,234,234,250,243
240,251,238,234,242,246,222,225,224,215,224,215
190,196,189,188,192,193,188,191,208,181,176,170
151,151,147,146,150,151,146,152,150,146,133,125
121,120,123,111,116,123,105,107,109,118,121,113
94,91,91,88,89,92,91,93,97,92,88,83
98,93,96,91,90,95,91,95,97,94,107,102
128,127,127,121,127,127,124,127,132,124,147,142
169,176,167,167,170,172,166,170,172,161,156,184
213,225,210,209,217,218,211,216,214,203,240,233
239,252,240,233,241,241,230,233,239,225,252,234
243,250,242,238,241,246,238,241,243,230,237,227
206,214,205,200,204,207,201,204,207,196,187,182
173,178,174,171,175,174,170,156,157,165,172,139
120,119,122,112,117,121,117,121,124,119,121,100
98,95,97,91,93,97,87,87,91,88,88,82
90,85,88,85,86,89,84,88,91,85,98,91
117,118,118,113,111,115,112,114,117,113,135,128
158,161,157,156,157,161,152,158,161,148,179,170
202,211,198,200,202,204,197,199,201,188,226,218
235,243,232,233,236,239,235,238,240,225,251,247
240,250,241,240,238,242,238,245,240,228,241,236
221,224,214,212,223,221,214,220,218,206,205,193
187,190,183,181,186,190,181,168,170,163,158,153
133,130,130,127,128,132,128,133,134,127,143,110
109,103,106,100,102,107,91,94,96,92,90,85
88,85,86,86,85,87,86,88,93,89,93,87
109,109,105,100,108,106,101,105,108,104,123,117
147,150,151,143,147,148,140,145,148,139,165,162
176,185,174,174,178,191,182,185,187,175,178,209
229,239,227,228,233,234,223,230,232,217,235,240
247,249,244,241,246,249,243,232,233,233,249,243
227,233,224,220,229,229,226,227,226,214,216,209
183,188,184,184,187,186,178,185,187,176,198,164
158,161,156,152,159,161,136,142,142,134,127,122
119,113,116,111,113,116,98,100,117,112,114,90
92,88,90,86,85,91,83,85,88,89,88,83
101,96,97,91,98,97,94,98,103,97,110,107
136,134,131,130,132,134,132,133,134,130,152,150
175,187,174,172,179,179,171,176,178,168,198,194
220,228,220,217,222,222,215,220,221,207,242,237
241,253,244,240,244,250,242,249,243,230,249,242
232,246,233,234,232,239,230,237,233,225,229,219
199,207,193,194,201,200,192,195,198,189,212,177
157,158,156,150,152,158,152,157,158,150,139,134
116,112,116,109,110,115,111,115,117,110,100,95
91,84,91,87,83,88,87,89,93,88,89,83
92,88,90,87,86,89,87,89,93,88,104,83
125,121,125,116,118,122,123,122,125,118,110,136
155,157,158,152,156,152,156,158,163,145,187,181
195,205,196,194,199,202,200,204,205,196,194,227
237,246,235,234,239,244,229,230,234,225,240,242
240,249,240,236,242,245,236,242,238,229,243,230
211,218,208,205,212,212,207,212,213,200,194,191
169,172,167,165,165,171,164,170,170,160,182,160
139,138,139,134,137,139,133,139,139,135,109,103
94,92,93,89,90,96,92,93,95,90,88,84
90,86,89,87,85,88,85,89,90,88,87,82
105,103,103,98,104,103,100,105,106,102,125,124
154,157,151,151,151,153,150,153,155,146,143,167
184,197,185,184,188,194,191,190,193,182,218,211
230,239,232,229,237,239,230,232,233,221,249,242
245,240,244,243,243,240,232,237,236,225,252,237
224,229,221,219,225,225,218,221,221,211,224,201
180,187,178,176,178,180,174,180,181,169,179,158
138,137,136,130,135,141,134,138,141,133,122,116
111,108,109,104,105,112,94,96,113,94,93,87
90,85,88,85,85,87,86,88,91,88,91,84
96,98,95,91,93,99,98,101,104,98,119,109
131,129,132,125,134,129,135,136,138,123,162,155
182,190,178,180,184,186,178,182,187,173,209,200
226,231,221,221,228,230,220,226,227,211,219,239
242,250,241,237,247,248,242,244,244,231,250,240
232,240,228,229,232,233,231,229,234,219,245,211
191,199,188,188,192,194,187,192,193,184,176,170
160,146,160,159,161,142,143,147,146,140,160,127
113,107,110,105,108,109,106,110,114,106,96,90
90,87,89,87,84,89,85,88,95,88,88,84
92,91,91,85,87,91,90,92,95,88,107,101
132,130,130,123,126,131,123,127,130,125,148,143
172,176,169,171,172,172,164,173,175,163,192,187
214,223,213,210,213,215,212,214,215,202,240,230
238,254,243,238,241,245,236,246,240,229,249,244
244,252,240,239,240,248,234,227,229,229,234,224
204,212,202,201,202,205,198,203,204,193,188,184
165,163,161,157,162,165,158,160,163,156,143,138
122,117,121,113,116,120,115,121,121,116,131,124
99,96,98,92,95,98,95,97,98,95,86,91
89,87,90,91,88,90,87,88,93,88,88,83
110,107,109,103,107,107,103,107,113,104,105,103
150,154,147,144,148,150,147,147,153,142,180,173
199,209,201,199,205,203,198,199,207,190,192,220